year_month,"All Ham (Excluding Canned Ham and Luncheon Slices), per lb. (453.6 gm)","All Other Pork (Excluding Canned Ham and Luncheon Slices), per lb. (453.6 gm)","All Pork Chops, per lb. (453.6 gm)","All Uncooked Beef Roasts, per lb. (453.6 gm)","All Uncooked Beef Steaks, per lb. (453.6 gm)","All Uncooked Other Beef (Excluding Veal), per lb. (453.6 gm)","Bacon, sliced, per lb. (453.6 gm)","Beef for stew, boneless, per lb. (453.6 gm)","Bread, white, pan, per lb. (453.6 gm)","Bread, whole wheat, pan, per lb. (453.6 gm)","Chicken, fresh, whole, per lb. (453.6 gm)","Chops, boneless, per lb. (453.6 gm)","Chops, center cut, bone-in, per lb. (453.6 gm)","Chuck roast, USDA Choice, boneless, per lb. (453.6 gm)","Cookies, chocolate chip, per lb. (453.6 gm)","Flour, white, all purpose, per lb. (453.6 gm)","Ground beef, 100% beef, per lb. (453.6 gm)","Ground beef, lean and extra lean, per lb. (453.6 gm)","Ground chuck, 100% beef, per lb. (453.6 gm)","Ham, boneless, excluding canned, per lb. (453.6 gm)","Rice, white, long grain, uncooked, per lb. (453.6 gm)","Round roast, USDA Choice, boneless, per lb. (453.6 gm)","Spaghetti and macaroni, per lb. (453.6 gm)","Steak, round, USDA Choice, boneless, per lb. (453.6 gm)","Steak, sirloin, graded and ungraded, excluding USDA Prime and Choice, per lb. (453.6 gm)","American processed cheese, per lb. (453.6 gm)","Bananas, per lb. (453.6 gm)","Beans, dried, any type, all sizes, per lb. (453.6 gm)","Cheddar cheese, natural, per lb. (453.6 gm)","Chicken breast, boneless, per lb. (453.6 gm)","Coffee, 100%, ground roast, all sizes, per lb. (453.6 gm)","Eggs, grade A, large, per doz.","Grapefruit, per lb. (453.6 gm)","Ice cream, prepackaged, bulk, regular, per 1/2 gal. (1.9 lit)","Lemons, per lb. (453.6 gm)","Lettuce, iceberg, per lb. (453.6 gm)","Lettuce, romaine, per lb. (453.6 gm)","Malt beverages, all types, all sizes, any origin, per 16 oz. (473.2 ml)","Milk, fresh, whole, fortified, per gal. (3.8 lit)","Orange juice, frozen concentrate, 12 oz. can, per 16 oz. (473.2 ml)","Oranges, Navel, per lb. (453.6 gm)","Potato chips, per 16 oz.","Potatoes, white, per lb. (453.6 gm)","Strawberries, dry pint, per 12 oz. (340.2 gm)","Sugar, white, all sizes, per lb. (453.6 gm)","Tomatoes, field grown, per lb. (453.6 gm)","Wine, red and white table, all sizes, any origin, per 1 liter (33.8 oz)"
2015-01,3.211,2.991,3.988,5.838,7.53,4.734,5.589,5.712,1.479,1.948,1.546,4.484,4.167,5.624,3.428,0.545,4.235,6.032,4.375,4.405,0.692,5.62,1.264,6.052,8.08,4.944,0.583,1.452,5.401,3.438,4.738,2.113,1.037,5.089,1.86,1.174,2.047,1.295,3.758,2.732,1.195,4.263,0.668,2.454,0.644,2.089,12.912
2015-02,3.221,2.928,3.962,5.844,7.569,4.684,5.472,5.552,1.435,2.024,1.55,4.468,4.138,5.546,3.477,0.525,4.238,6.184,4.403,4.428,0.689,5.657,1.319,6.18,8.194,4.598,0.591,1.484,5.48,3.511,4.91,2.088,1.026,4.955,1.868,1.138,2.195,1.287,3.496,2.734,1.185,4.298,0.646,2.09,0.659,1.849,12.37
2015-03,3.176,2.904,3.867,5.872,7.661,4.709,5.367,5.595,1.44,2.042,1.545,4.196,4.224,5.563,3.486,0.518,4.2,6.099,4.364,4.314,0.67,5.736,1.392,6.209,8.372,4.558,0.593,1.472,5.384,3.522,4.827,2.133,0.97,4.889,1.664,1.05,2.007,1.318,3.463,2.678,1.201,4.4,0.639,1.664,0.66,1.819,12.37
2015-04,2.971,2.836,3.813,5.864,7.684,4.702,5.211,5.654,1.454,2.008,1.539,4.227,4.141,5.659,3.335,0.509,4.231,6.105,4.323,4.114,0.67,5.644,1.337,6.157,8.329,4.543,0.597,1.51,5.384,3.504,4.99,2.065,1.067,4.791,1.75,0.993,1.868,1.315,3.397,2.662,1.165,4.412,0.645,1.852,0.663,1.847,12.335
2015-05,3.045,2.804,3.786,5.915,7.773,4.59,4.94,5.581,1.463,2.041,1.483,4.273,4.132,5.7,3.212,0.52,4.136,6.195,4.308,4.164,0.676,5.653,1.335,6.185,8.816,4.417,0.582,1.486,5.312,3.408,4.715,1.962,1.07,4.696,1.874,1.055,1.904,1.32,3.387,2.709,1.208,4.427,0.646,2.087,0.66,1.74,12.044
2015-06,3.02,2.784,3.824,5.927,7.917,4.696,5.059,5.7,1.467,1.957,1.515,4.326,3.965,5.704,3.286,0.519,4.221,6.111,4.324,4.105,0.691,5.638,1.36,6.183,8.842,4.265,0.574,1.486,5.256,3.388,4.686,2.57,1.105,4.62,2.127,1.074,1.977,1.307,3.366,2.68,1.274,4.442,0.647,1.735,0.646,1.708,12.021
2015-07,3.031,2.833,3.917,5.905,7.962,4.738,5.184,5.684,1.447,1.963,1.487,4.47,4.062,5.677,3.305,0.515,4.2,6.184,4.266,4.098,0.673,5.685,1.325,6.243,8.837,4.352,0.581,1.483,5.376,3.378,4.79,2.57,1.117,4.466,2.254,1.049,1.848,1.306,3.43,2.658,1.38,4.48,0.668,1.798,0.656,1.777,12.016
2015-08,3.103,2.841,3.863,5.871,7.91,4.7,5.41,5.587,1.42,1.956,1.428,4.396,4.042,5.639,3.233,0.524,4.159,6.116,4.222,4.121,0.669,5.688,1.351,6.147,8.697,4.346,0.58,1.484,5.336,3.406,4.808,2.943,1.143,4.597,2.088,1.096,1.79,1.305,3.389,2.739,1.493,4.411,0.661,2.283,0.654,1.737,12.009
2015-09,3.124,2.819,3.88,5.785,7.89,4.684,5.734,5.608,1.432,2.008,1.415,4.357,4.107,5.513,3.366,0.517,4.126,6.139,4.195,4.131,0.662,5.601,1.282,6.184,8.864,4.439,0.58,1.469,5.382,3.377,4.669,2.966,1.171,4.791,2.091,1.223,1.926,1.309,3.392,2.732,1.48,4.504,0.65,2.385,0.656,1.775,11.965
2015-10,3.155,2.803,3.875,5.762,7.836,4.648,5.899,5.579,1.418,1.978,1.43,4.355,4.106,5.546,3.391,0.511,4.083,6.097,4.119,4.232,0.69,5.523,1.297,6.209,8.802,4.331,0.577,1.482,5.478,3.356,4.609,2.808,1.21,4.626,2.164,1.245,1.953,1.34,3.338,2.753,1.514,4.355,0.655,2.523,0.662,1.844,12.416
2015-11,3.015,2.778,3.797,5.718,7.788,4.541,5.847,5.421,1.409,2.028,1.484,4.153,4.104,5.649,3.413,0.496,4.113,6.047,4.082,4.122,0.732,5.445,1.266,6.081,8.724,4.333,0.575,1.514,5.433,3.35,4.412,2.664,1.091,4.684,2.059,1.361,2.116,1.345,3.299,2.715,1.329,4.49,0.633,,0.641,1.977,12.389
2015-12,2.901,2.716,3.807,5.482,7.509,4.505,5.734,5.498,1.428,1.949,1.437,4.223,4.089,5.414,3.316,0.501,4.06,5.885,4.025,4.034,0.711,5.279,1.292,5.932,8.287,4.345,0.58,1.511,5.328,3.282,4.486,2.751,1.085,4.725,1.978,1.48,2.205,1.347,3.31,2.733,1.229,4.413,0.637,3.502,0.642,1.932,12.179
2016-01,2.937,2.695,3.656,5.421,7.468,4.437,5.656,5.373,1.425,1.943,1.429,4.143,3.714,5.177,3.33,0.522,3.978,5.7,4.019,4.121,0.709,5.225,1.265,5.856,8.144,4.374,0.581,1.466,5.411,3.251,4.498,2.328,1.021,4.913,1.956,1.417,2.06,1.356,3.313,2.731,1.196,4.444,0.659,2.92,0.662,2.528,12.18
2016-02,2.928,2.697,3.658,5.526,7.502,4.539,5.394,5.541,1.407,1.947,1.478,4.169,3.841,5.346,3.289,0.522,3.964,5.611,3.945,4.137,0.707,5.295,1.309,6.002,8.275,4.436,0.573,1.485,5.369,3.302,4.447,2.267,0.985,4.851,1.922,1.213,2.03,1.353,3.23,2.752,1.194,4.421,0.659,3.149,0.648,2.316,12.233
2016-03,2.95,2.657,3.693,5.662,7.686,4.503,5.494,5.585,1.416,1.909,1.463,4.146,3.901,5.321,3.4,0.512,3.955,5.678,3.929,4.07,0.711,5.47,1.341,5.968,8.514,4.462,0.586,1.488,5.364,3.271,4.405,2.081,1.036,4.85,1.917,1.065,1.894,1.363,3.187,2.758,1.188,4.622,0.652,2.031,0.632,1.941,12.211
2016-04,2.882,2.688,3.707,5.576,7.756,4.53,5.613,5.44,1.406,1.915,1.496,4.13,4.028,5.194,3.42,0.521,3.815,5.638,3.933,3.965,0.703,5.406,1.294,6.026,8.502,4.434,0.574,1.468,5.399,3.251,4.428,1.793,1.074,4.915,2.027,1.018,1.887,1.365,3.155,2.747,1.176,4.544,0.652,2.152,0.655,1.862,12.375
2016-05,2.909,2.668,3.72,5.687,7.759,4.451,5.552,5.442,1.382,1.962,1.489,4.15,3.968,5.381,3.423,0.525,3.717,5.742,3.902,4.003,0.747,5.534,1.32,6.07,8.678,4.325,0.57,1.396,5.365,3.25,4.443,1.684,1.155,4.801,2.035,1.089,1.992,1.351,3.157,2.796,1.148,4.462,0.679,2.252,0.651,1.695,12.031
2016-06,3.076,2.69,3.752,5.601,7.681,4.517,5.374,5.38,1.333,1.977,1.408,4.289,3.94,5.323,3.32,0.529,3.725,5.786,3.84,4.039,0.734,5.443,1.292,6.134,8.69,4.31,0.569,1.408,5.269,3.228,4.481,1.491,1.206,4.71,2.115,1.015,2.029,1.35,3.115,2.772,1.186,4.477,0.688,1.924,0.641,1.709,12.511
2016-07,3.072,2.693,3.832,5.504,7.546,4.521,5.454,5.215,1.349,1.966,1.445,4.292,3.986,5.211,3.217,0.543,3.69,5.865,3.807,3.959,0.74,5.274,1.32,5.76,8.521,4.373,0.567,1.404,5.184,3.21,4.428,1.546,1.28,4.691,2.17,0.995,1.953,1.347,3.062,2.768,1.268,4.444,0.699,1.942,0.646,1.635,12.393
2016-08,3.098,2.767,3.76,5.451,7.569,4.508,5.448,5.203,1.341,1.992,1.426,4.197,3.926,5.124,3.219,0.546,3.657,5.844,3.912,4.062,0.729,5.133,1.292,5.758,8.544,4.273,0.562,1.364,5.272,3.218,4.316,1.455,1.319,4.71,2.161,0.994,1.862,1.346,3.141,2.774,1.365,4.427,0.711,2.169,0.653,1.685,12.4
2016-09,3.135,2.694,3.662,5.315,7.51,4.503,5.481,5.05,1.329,1.974,1.487,4.031,3.89,5.163,3.3,0.547,3.665,5.764,3.791,4.126,0.721,5.016,1.289,6.067,8.585,4.396,0.575,1.37,5.023,3.244,4.372,1.471,,4.695,2.171,0.95,1.81,1.347,3.229,2.81,1.41,4.44,0.702,2.021,0.653,1.786,12.53
2016-10,3.105,2.665,3.632,5.277,7.413,4.497,5.375,5.196,1.343,2.004,1.502,3.945,3.92,5.129,3.47,0.523,3.679,5.693,3.742,4.054,0.697,4.82,1.292,5.807,8.323,4.484,0.57,1.35,5.352,3.305,4.309,1.39,,4.712,2.019,0.949,1.794,1.355,3.292,2.55,1.412,4.507,0.691,2.216,0.63,1.994,12.498
2016-11,3.037,2.663,3.512,5.301,7.217,4.451,5.106,5.143,1.362,2.024,1.478,3.812,3.703,5.187,3.366,0.507,3.597,5.672,3.703,3.931,0.703,4.987,1.302,5.758,7.943,4.322,0.573,1.384,4.914,3.263,4.306,1.321,1.309,4.615,1.971,1.042,1.901,1.354,3.28,2.53,1.239,4.391,0.697,3.165,0.618,1.984,12.294
2016-12,2.906,2.579,3.462,5.159,7.121,4.517,5.102,5.262,1.362,1.96,1.463,3.751,3.633,5.104,3.409,0.503,3.559,5.542,3.619,3.93,0.693,4.884,1.287,5.556,7.91,4.214,0.576,1.364,4.895,3.2,4.281,1.383,1.252,4.682,1.985,1.016,1.873,1.358,3.29,2.571,1.169,4.353,0.686,3.282,0.614,1.972,12.355
2017-01,2.822,2.55,3.354,5.138,7.094,4.447,5.18,5.084,1.351,1.975,1.418,3.727,3.639,4.962,3.397,0.53,3.553,5.543,3.621,3.724,0.7,4.934,1.31,5.733,7.79,4.322,0.573,1.35,4.933,3.218,4.468,1.599,1.163,4.834,1.937,0.985,1.802,1.363,3.318,2.608,1.186,4.39,0.696,2.612,0.632,2.048,12.391
2017-02,2.863,2.627,3.45,5.208,7.154,4.472,5.334,5.042,1.358,1.986,1.473,3.814,3.625,5.186,3.39,0.526,3.557,5.563,3.549,3.781,0.695,5.088,1.29,5.754,7.848,4.293,0.573,1.357,4.967,3.195,4.583,1.464,1.125,4.87,1.97,1.045,1.944,1.355,3.3,2.653,1.191,4.334,0.703,2.367,0.637,1.93,12.363
2017-03,2.994,2.633,3.443,5.264,7.176,4.406,5.745,5.073,1.329,1.929,1.462,3.822,3.699,5.141,3.346,0.531,3.594,5.612,3.59,3.871,0.692,5.152,1.265,5.728,7.856,4.271,0.571,1.371,4.799,3.291,4.65,1.404,1.124,4.751,1.914,1.025,2.038,1.362,3.315,2.661,1.18,4.365,0.689,2.318,0.631,1.943,12.531
2017-04,2.859,2.592,3.441,5.315,7.277,4.497,5.775,5.188,1.328,2.014,1.444,3.802,3.639,5.126,3.404,0.516,3.547,5.707,3.675,3.768,0.686,5.124,1.271,5.577,8.081,4.352,0.571,1.354,4.794,3.289,4.622,1.409,1.213,4.659,1.933,1.231,2.439,1.372,3.259,2.645,1.174,4.369,0.698,2.204,0.628,1.902,12.52
2017-05,2.864,2.554,3.425,5.354,7.315,4.567,5.699,5.411,1.327,1.974,1.499,3.832,3.746,5.145,3.506,0.517,3.559,5.613,3.645,3.78,0.726,5.202,1.272,5.758,8.082,4.393,0.564,1.36,4.748,3.208,4.597,1.414,1.258,4.631,1.934,1.151,2.325,1.388,3.242,2.579,1.226,4.439,0.706,2.06,0.647,1.867,12.403
2017-06,3.093,2.6,3.42,5.498,7.525,4.716,5.665,5.677,1.335,2.032,1.497,3.875,3.625,5.342,3.575,0.507,3.679,5.759,3.768,3.921,0.752,5.29,1.281,5.838,8.349,4.306,0.572,1.35,4.797,3.215,4.545,1.332,1.315,4.629,2.022,1.011,2.179,1.382,3.213,2.582,1.346,4.428,0.733,1.952,0.659,1.873,12.385
2017-07,3.155,2.614,3.417,5.453,7.606,4.733,5.819,5.631,1.327,1.967,1.496,3.821,3.793,5.228,3.467,0.512,3.754,5.741,3.866,4.02,0.764,5.326,1.294,5.939,8.359,4.282,0.565,1.354,4.851,3.189,4.335,1.333,1.333,4.606,2.093,0.957,2.027,1.382,3.219,2.827,1.462,4.391,0.752,2.036,0.659,1.952,12.511
2017-08,3.142,2.593,3.482,5.349,7.479,4.782,6.241,5.69,1.348,2.025,1.489,3.917,3.76,5.189,3.568,0.512,3.732,5.888,3.785,3.956,0.753,5.182,1.305,5.838,8.251,4.241,0.561,1.349,4.862,3.194,4.373,1.367,1.333,4.688,2.138,0.938,2.088,1.384,3.168,2.868,1.453,4.37,0.75,1.979,0.658,1.846,12.712
2017-09,3.108,2.635,3.481,5.329,7.363,4.672,6.366,5.536,1.349,1.986,1.48,3.809,3.896,5.098,3.494,0.505,3.707,5.772,3.801,3.938,0.741,5.168,1.299,5.882,8.084,4.203,0.544,1.344,5.01,3.185,4.323,1.422,1.391,4.648,2.102,0.943,2.036,1.398,3.209,2.619,1.48,4.389,0.745,2.256,0.67,1.828,12.827
2017-10,3.224,2.654,3.378,5.156,7.388,4.549,6.066,5.399,1.328,2.009,1.484,3.812,3.708,5.124,3.511,0.5,3.688,5.369,3.703,3.95,0.723,4.916,1.259,5.778,8.039,4.089,0.548,1.362,5.028,3.141,4.327,1.54,1.388,4.683,2.064,1.014,2.125,1.418,3.158,2.619,1.59,4.48,0.748,2.335,0.664,1.813,13.235
2017-11,2.972,2.623,3.366,5.163,7.352,4.622,5.708,5.329,1.295,2.024,1.451,3.802,3.87,5.09,3.639,0.469,3.638,5.43,3.775,3.851,0.712,4.934,1.242,5.798,7.906,4.091,0.551,1.371,5.006,3.13,4.324,1.506,1.378,4.567,1.986,1.044,2.148,1.421,3.15,2.573,1.486,4.521,0.733,2.863,0.64,1.933,13.059
2017-12,2.914,2.596,3.302,5.207,7.364,4.653,5.629,5.343,1.316,1.97,1.47,3.664,3.809,5.12,3.601,0.462,3.708,5.516,3.729,3.869,0.711,5.02,1.235,5.832,7.927,4.13,0.558,1.368,4.95,3.192,4.285,1.815,1.33,4.758,1.989,1.008,2.159,1.421,3.155,2.615,1.315,4.431,0.731,3.089,0.646,2.237,12.925
2018-01,2.86,2.621,3.224,5.109,7.415,4.431,5.654,,1.281,2.033,1.509,3.694,3.814,4.792,3.681,0.471,3.641,5.247,3.668,3.742,0.682,4.925,1.218,5.608,8.205,4.015,0.568,1.327,5.021,3.073,4.291,1.769,1.251,4.786,2.045,0.922,2.127,1.412,2.961,2.521,1.326,4.386,0.73,2.872,0.623,2.336,12.74
2018-02,2.888,2.631,3.186,5.184,7.392,4.483,5.533,,1.265,2.011,1.478,3.718,3.718,4.996,3.725,0.47,3.642,5.333,3.659,3.882,0.691,4.99,1.176,5.619,8.297,4.064,0.574,1.316,5.082,3.119,4.267,1.755,1.269,4.67,2.06,0.894,2.072,1.414,2.923,2.538,1.339,4.344,0.736,2.492,0.622,2.026,12.553
2018-03,3.008,2.642,3.207,5.259,7.507,4.524,5.527,,1.309,2.039,1.502,3.696,3.702,5.026,3.579,0.468,3.657,5.367,3.728,3.955,0.682,5.107,1.187,5.512,8.339,4.105,0.582,1.306,5.064,3.142,4.343,1.831,1.293,4.825,2.06,0.889,2.064,1.418,2.903,2.513,1.305,4.446,0.727,2.227,0.612,1.868,12.6
2018-04,2.935,2.614,3.293,5.378,7.703,4.451,5.421,,1.281,2.016,1.511,3.73,4.004,5.168,3.328,0.472,3.73,5.523,3.775,3.986,0.685,5.192,1.176,5.785,8.551,4.034,0.578,1.308,5.03,3.238,4.313,2.081,1.318,4.709,2.046,0.906,2.129,1.419,2.924,2.481,1.291,4.448,0.728,2.475,0.617,1.802,12.673
2018-05,3.135,2.546,3.284,5.369,7.64,4.579,5.452,,1.293,1.966,1.523,3.686,3.829,5.234,3.4,0.469,3.685,5.426,3.688,4.122,0.698,5.179,1.143,5.649,8.247,4.025,0.575,1.378,5.131,3.076,4.294,1.987,1.33,4.588,2.05,0.968,2.039,1.404,2.919,2.481,1.348,4.491,0.739,2.079,0.628,1.675,12.417
2018-06,3.13,2.516,3.272,5.481,7.673,4.8,5.247,,1.279,1.896,1.514,3.665,3.811,5.301,3.49,0.469,3.729,5.36,3.824,4.234,0.689,5.205,1.201,5.8,8.509,3.956,0.575,1.358,5.234,3.094,,1.628,1.346,4.656,2.115,0.89,1.937,1.401,2.877,2.469,1.409,4.441,0.744,1.938,0.629,1.706,12.382
2018-07,3.174,2.553,3.262,5.508,7.725,4.764,5.418,,1.293,1.899,1.519,3.79,3.558,5.458,3.481,0.468,3.745,5.36,3.786,4.21,0.69,5.163,1.204,5.694,8.552,3.958,0.575,1.342,5.065,3.116,,1.725,1.386,4.75,2.198,0.903,2.056,1.39,2.839,2.504,1.538,4.407,0.765,2.007,0.63,1.887,12.328
2018-08,3.194,2.605,3.338,5.506,7.724,4.789,5.577,,1.302,1.936,1.511,3.83,3.843,5.399,3.351,0.464,3.792,5.381,3.738,4.184,0.705,5.152,1.227,5.807,8.561,3.946,0.569,1.355,5.118,2.939,,1.622,1.422,4.662,2.463,0.913,2.043,1.387,2.871,2.44,1.559,4.446,0.768,2.004,0.628,1.737,12.289
2018-09,3.219,2.596,3.289,5.386,7.678,4.745,5.501,,1.288,1.951,1.487,3.699,3.799,5.332,3.451,0.467,3.743,5.404,3.701,4.165,0.693,4.995,1.2,5.839,8.544,4.04,0.573,1.335,5.128,2.896,4.306,1.651,1.422,4.754,2.552,0.876,2.058,1.4,2.89,2.493,1.511,4.432,0.75,2.147,0.629,1.826,12.595
2018-10,3.077,2.573,3.367,5.203,7.595,4.78,5.37,,1.277,1.91,1.444,3.786,3.889,5.173,3.456,0.453,3.714,5.252,3.692,4.018,0.685,4.875,1.138,5.791,8.331,3.994,0.574,1.351,5.158,3.047,,1.66,1.393,4.864,2.557,0.91,2.132,1.425,2.913,2.478,1.502,4.473,0.746,2.216,0.602,1.901,12.793
2018-11,3.01,2.614,3.306,5.17,7.572,4.835,5.392,5.518,1.274,1.945,1.501,3.734,3.736,5.222,3.527,0.433,3.781,5.245,3.745,3.863,0.711,4.806,1.196,5.681,8.375,,0.566,1.364,5.229,3.052,,1.596,1.371,4.786,2.452,1.007,2.17,1.446,2.877,2.475,1.437,4.59,0.725,2.502,0.602,2.057,12.085
2018-12,2.902,2.601,3.361,5.202,7.579,4.73,5.502,5.399,1.29,1.924,1.466,3.74,3.947,5.122,3.527,0.437,3.725,5.262,3.709,3.884,0.712,4.791,1.161,5.687,8.311,3.944,0.577,1.368,5.36,3.112,,1.595,1.347,4.812,2.39,1.25,2.352,1.444,2.853,2.434,1.389,4.447,0.718,3.166,0.573,2.175,12.054
2019-01,2.918,2.615,3.199,5.283,7.598,4.778,5.518,5.527,1.274,1.94,1.473,3.666,3.576,5.139,3.466,0.439,3.801,5.253,3.727,3.974,0.73,5.011,1.217,5.601,8.348,3.922,0.576,1.343,5.372,3.063,,1.554,1.305,4.912,2.363,1.161,2.177,1.45,2.913,2.407,1.344,4.432,0.749,3.279,0.595,2.227,12.008
2019-02,2.878,2.558,3.298,5.319,7.597,4.797,5.502,5.593,1.282,1.951,1.486,3.716,3.852,5.145,3.516,0.443,3.758,5.208,3.847,4.002,0.762,4.968,1.206,5.722,8.529,3.863,0.571,1.342,5.247,3.062,,1.557,1.315,4.981,2.27,1.114,2.3,1.451,2.9,2.427,1.298,4.503,0.751,2.872,0.592,2.068,12.196
2019-03,3.131,2.582,3.311,5.439,7.74,4.875,5.608,5.601,1.261,1.962,1.468,3.762,3.648,5.467,3.311,0.445,3.725,5.186,3.831,4.306,0.757,5.16,1.237,5.839,8.575,3.924,0.581,1.335,5.193,3.048,,1.544,1.366,4.791,2.276,1.301,2.356,1.443,2.944,2.45,1.346,4.587,0.755,2.475,0.596,2.079,11.989
2019-04,3.063,2.562,3.354,5.445,7.755,4.931,5.552,5.79,1.285,1.952,1.463,3.804,3.779,5.246,3.426,0.434,3.775,5.288,3.907,4.255,0.767,5.26,1.223,5.856,8.706,3.928,0.567,1.339,5.29,3.014,,1.463,1.344,4.821,2.221,1.213,2.3,1.439,2.98,2.448,1.28,4.508,0.749,2.504,0.591,1.947,11.875
2019-05,3.095,2.651,3.441,5.521,7.798,4.905,5.812,,1.289,1.941,1.479,3.833,4.019,5.476,3.352,0.454,3.822,5.486,4.023,4.147,0.761,5.374,1.197,5.892,8.662,3.869,0.579,1.298,5.327,3.092,,1.362,1.365,4.85,2.167,1.108,2.19,1.442,2.963,2.454,1.331,4.407,0.772,1.972,0.58,1.823,12.048
2019-06,3.13,2.718,3.312,5.627,7.679,4.976,5.878,5.647,1.28,1.905,1.59,3.69,3.941,5.517,3.504,0.448,3.812,5.428,3.951,4.235,0.801,5.401,1.192,5.882,8.133,3.844,0.574,1.316,5.254,3.051,,1.203,1.336,4.633,2.066,1.083,2.115,1.433,3.054,2.486,1.296,4.452,0.743,2.066,0.586,1.812,11.952
2019-07,3.238,2.722,3.411,5.609,7.716,4.998,5.701,5.575,1.281,1.951,1.562,3.83,4.041,5.479,3.468,0.454,3.8,5.462,4.001,4.239,0.798,5.458,1.198,5.977,8.284,3.772,0.569,1.345,5.349,2.975,,1.243,1.389,4.674,2.041,1.207,2.207,1.437,3.031,2.404,1.411,4.377,0.78,2.111,0.589,1.799,11.995
2019-08,3.32,2.687,3.379,5.471,7.652,5.0,5.576,5.614,1.275,1.94,1.514,3.784,3.982,5.279,3.496,0.45,3.819,5.444,4.019,4.454,0.793,5.305,1.215,5.834,8.134,3.873,0.578,1.329,5.367,2.96,,1.219,1.353,4.682,2.03,1.143,2.162,1.429,3.045,2.416,1.442,4.382,0.786,2.01,0.589,1.864,12.148
2019-09,3.343,2.687,3.335,5.43,7.658,5.018,5.571,5.632,1.296,1.935,1.487,3.761,3.841,5.294,3.587,0.449,3.851,5.351,3.885,4.439,0.797,5.222,1.184,5.858,8.083,3.875,0.569,1.324,5.406,2.93,,1.383,1.371,4.802,2.047,1.107,2.059,1.44,3.102,2.414,1.426,4.561,0.794,2.153,0.596,1.911,12.096
2019-10,3.431,2.716,3.238,5.277,7.667,4.941,5.653,5.566,1.325,1.948,1.538,3.715,3.773,5.131,3.602,0.432,3.841,5.463,4.027,4.464,0.773,4.988,1.178,5.774,8.225,3.821,0.573,1.347,5.277,2.948,4.174,1.282,1.421,4.94,2.062,1.134,2.203,1.437,3.119,2.369,1.47,4.389,0.785,2.402,0.589,1.779,12.119
2019-11,3.18,2.74,3.399,5.376,7.535,5.032,5.505,5.792,1.361,1.943,1.43,3.786,3.85,5.404,3.603,0.417,3.812,5.475,3.993,4.253,0.721,5.211,1.231,5.793,8.318,3.917,0.573,1.41,5.309,2.94,4.197,1.405,1.324,4.935,2.014,1.337,2.214,1.418,3.189,2.264,1.429,4.692,0.764,2.604,0.589,1.903,12.203
2019-12,3.035,2.761,3.391,5.537,7.709,5.053,5.474,5.751,1.363,1.964,1.45,3.805,3.772,5.646,3.584,0.429,3.862,5.518,4.066,4.07,0.714,5.069,1.189,5.977,8.481,3.909,0.573,1.402,5.302,3.113,4.053,1.535,1.254,4.74,1.995,1.304,2.176,1.422,3.188,2.336,1.327,4.532,0.78,3.096,0.589,1.954,12.044
2020-01,3.11,2.722,3.368,5.515,7.653,5.046,5.505,5.754,1.351,1.961,1.409,3.854,3.781,5.398,3.525,0.438,3.886,5.63,4.1,4.194,0.716,5.062,1.225,5.963,8.441,3.847,0.57,1.432,5.204,3.059,4.174,1.461,1.226,4.824,1.949,1.341,2.16,1.439,3.253,2.321,1.244,4.494,0.802,2.884,0.603,2.221,12.056
2020-02,3.13,2.775,3.419,5.532,7.642,5.148,5.497,5.83,1.375,1.986,1.362,3.813,3.92,5.368,3.551,0.438,3.865,5.521,4.033,4.226,0.734,5.26,1.235,6.091,8.333,3.912,0.574,1.461,5.381,3.013,4.25,1.449,1.189,4.884,1.959,1.248,2.029,1.447,3.196,2.319,1.218,4.594,0.786,2.558,0.612,2.197,12.233
2020-03,3.376,2.762,3.415,5.535,7.676,5.079,5.257,5.73,1.374,1.994,1.4,3.791,3.907,5.382,3.633,0.442,3.881,5.635,4.108,4.464,0.733,5.175,1.238,6.091,8.265,3.907,0.576,1.488,5.329,2.956,4.334,1.525,,4.918,,,,1.472,3.248,2.277,1.174,4.63,,2.367,0.621,,12.346
2020-04,,,3.673,5.896,7.951,,5.346,5.697,1.406,2.07,1.571,4.014,4.148,5.786,3.826,,4.052,5.708,4.343,,,5.528,1.265,6.41,8.6,3.981,0.581,,5.453,3.158,4.396,2.019,,4.941,,,,1.502,3.267,2.398,,4.88,,,0.64,,12.294
2020-05,,3.085,3.972,7.068,8.957,5.691,5.348,6.308,1.412,2.075,,4.409,4.371,7.049,3.617,0.461,4.461,6.101,4.789,4.549,0.748,6.906,1.26,7.301,9.48,4.097,0.589,,5.558,3.348,4.466,1.64,,4.934,,,,1.494,3.21,2.375,1.209,4.985,0.855,2.174,0.647,1.851,12.547
2020-06,,3.152,4.189,7.057,9.518,6.071,5.772,6.752,1.474,2.118,1.747,4.689,4.544,7.165,3.717,0.468,4.737,6.314,5.33,4.608,0.749,6.546,1.28,7.394,10.423,4.222,0.588,1.422,5.619,3.349,4.517,1.554,,5.088,,,,1.484,3.198,2.36,1.296,5.087,0.854,2.02,0.626,1.922,12.176
2020-07,,3.099,3.91,6.461,8.698,5.672,5.776,6.336,1.485,2.144,1.712,4.355,4.351,6.476,3.696,0.461,4.264,6.052,4.732,4.574,0.772,5.884,1.295,6.95,9.413,4.189,0.58,1.415,5.517,3.221,4.536,1.401,,4.898,,,,1.487,3.255,2.339,,5.104,0.854,2.02,0.627,1.977,12.405
2020-08,,3.045,3.788,6.059,8.213,5.448,5.559,5.995,1.495,2.084,1.609,4.343,4.06,5.972,3.769,0.459,4.177,5.76,4.307,4.631,0.769,5.668,1.303,6.579,8.875,4.285,0.576,1.445,5.572,3.276,4.504,1.328,,4.95,,,,1.482,3.406,2.339,,5.07,0.856,2.214,0.629,1.874,12.409
2020-09,,2.891,3.799,6.035,8.133,5.442,5.619,5.872,1.492,2.081,1.542,4.369,4.066,5.849,3.659,0.451,4.076,5.73,4.165,4.538,0.777,5.76,1.256,6.447,8.795,4.246,0.574,1.424,5.611,3.302,4.487,1.353,,4.944,,,,1.485,3.448,2.257,,5.024,0.798,2.234,0.63,1.847,12.371
2020-10,3.476,2.989,3.632,5.841,8.154,5.375,5.722,5.696,1.503,2.17,1.58,4.138,3.947,5.749,3.848,0.452,4.008,5.758,4.212,4.559,0.766,5.614,1.22,6.383,8.931,4.233,0.577,1.41,5.583,3.29,4.522,1.408,,4.925,,,,1.492,3.38,2.307,,5.039,0.802,2.745,0.634,1.911,12.535
2020-11,3.344,2.974,3.737,5.883,8.081,5.482,5.754,5.729,1.515,2.207,1.639,4.289,4.054,5.96,3.767,0.445,4.027,5.672,4.33,4.55,0.791,5.522,1.262,6.449,8.876,4.132,0.578,1.391,5.589,3.412,4.485,1.45,,4.846,,,,1.509,3.425,2.285,,5.085,0.756,2.934,0.66,1.935,12.784
2020-12,3.261,2.991,3.741,5.868,8.085,5.552,5.831,5.87,1.538,2.203,1.621,4.134,4.248,6.008,3.793,0.45,3.951,5.715,4.202,4.469,0.789,5.302,1.313,6.339,8.98,4.2,0.572,1.404,5.54,3.293,4.52,1.481,,4.927,1.896,,,1.506,3.535,2.333,1.329,5.077,0.749,3.29,0.674,1.893,12.861
2021-01,3.441,3.02,3.694,5.861,8.25,5.632,5.831,5.949,1.546,2.175,1.595,4.204,3.943,5.811,3.669,0.446,3.965,5.705,4.31,4.616,0.794,5.475,1.314,6.522,9.148,4.193,0.597,1.433,5.656,3.26,4.591,1.466,,5.014,,,,1.494,3.468,2.341,1.303,4.942,0.782,3.044,0.682,1.928,12.885
2021-02,3.683,3.001,3.676,6.063,8.281,5.664,5.778,5.782,1.537,2.203,1.583,4.137,3.963,5.991,3.8,0.44,3.987,5.611,4.252,4.921,0.779,5.582,1.324,6.443,9.079,4.162,0.59,1.448,5.6,3.239,4.673,1.597,,4.937,,,,1.498,3.368,2.359,1.321,5.046,0.762,2.893,0.68,1.838,13.115
2021-03,3.511,2.997,3.765,6.229,8.383,5.57,5.852,5.762,1.526,2.196,1.543,4.253,4.067,6.088,3.964,0.436,4.042,5.78,4.377,4.79,0.772,5.625,1.341,6.412,9.134,4.145,0.594,1.459,5.682,3.291,4.671,1.625,,4.949,,,,1.498,3.348,2.285,1.266,5.043,0.786,2.7,0.675,1.768,13.276
2021-04,3.548,3.176,3.844,6.216,8.656,5.703,6.215,6.034,1.51,2.209,1.515,4.328,4.161,5.949,3.939,0.437,4.096,5.973,4.29,4.856,0.785,5.771,1.251,6.64,9.344,4.1,0.604,1.457,5.441,3.406,4.752,1.62,,4.978,,,,1.49,3.447,2.364,1.32,5.092,0.774,2.803,0.675,1.786,13.629
2021-05,3.638,3.217,3.875,6.512,9.12,5.954,6.346,6.225,1.511,2.151,1.486,4.362,4.162,6.381,4.019,0.439,4.101,5.952,4.495,4.907,0.801,5.822,1.336,6.737,9.892,4.048,0.6,1.42,5.421,3.371,4.566,1.625,,4.685,1.981,,,1.506,3.497,2.387,1.317,4.929,0.764,2.648,0.675,1.804,13.519
2021-06,3.773,3.381,4.089,6.824,9.747,6.317,6.67,6.802,1.51,2.026,1.474,4.541,4.351,6.635,4.068,0.356,4.357,6.016,4.565,4.922,0.778,6.209,1.073,7.297,10.78,3.989,0.595,1.421,5.386,3.353,4.605,1.642,,4.886,1.953,,,1.532,3.557,2.594,1.354,5.02,0.769,2.318,0.675,1.83,13.257
2021-07,3.711,3.564,4.081,6.749,9.67,6.37,6.857,6.731,1.491,2.1,1.435,4.455,4.322,6.7,4.065,0.368,4.388,6.081,4.521,4.667,0.782,6.1,1.094,7.183,10.538,3.972,0.594,1.426,5.392,3.5,4.562,1.642,,4.943,,,,1.54,3.627,2.612,,5.003,0.776,2.256,0.686,1.827,13.104
2021-08,3.747,3.474,4.057,6.727,9.652,6.38,7.096,6.666,1.467,2.076,1.472,4.469,4.326,6.8,4.065,0.371,4.468,6.179,4.636,4.683,0.784,6.004,1.089,7.112,10.599,3.977,0.589,1.429,5.336,3.536,4.726,1.709,,4.918,,,,1.534,3.56,2.58,,5.111,0.797,2.434,0.681,1.858,12.926
2021-09,3.831,3.497,4.051,7.133,9.912,6.64,7.22,6.874,1.58,2.102,1.504,4.393,4.233,7.457,3.981,0.382,4.504,6.146,4.786,4.847,0.798,6.276,1.077,7.282,11.01,4.019,0.597,1.445,5.387,3.517,4.733,1.835,,4.9,,,,1.549,3.585,2.544,,5.058,0.798,2.454,0.688,1.828,13.042
2021-10,3.921,3.565,4.147,7.127,10.209,6.751,7.317,6.92,1.526,2.175,1.523,4.495,4.394,7.397,3.815,0.396,4.719,6.371,4.869,4.964,0.788,6.33,1.067,7.304,11.654,3.987,0.6,1.46,5.396,3.589,4.8,1.821,,4.952,1.983,,,1.551,3.663,2.631,1.49,5.273,0.808,2.687,0.713,1.892,12.941
2021-11,3.853,3.665,4.072,7.161,10.228,7.011,7.265,7.159,1.547,2.094,1.583,4.43,4.356,7.272,3.999,0.386,4.716,6.27,4.81,4.937,0.844,6.426,1.093,7.404,11.508,3.948,0.619,1.474,5.326,3.618,4.816,1.718,,4.77,,,,1.57,3.671,2.651,1.44,5.246,0.767,3.079,0.687,1.924,13.348
2021-12,3.707,3.494,4.023,6.948,9.933,7.011,7.211,7.363,1.532,2.099,1.606,4.409,4.357,6.922,4.089,0.388,4.604,6.315,4.792,4.827,0.82,6.234,1.092,7.342,11.055,3.894,0.622,1.504,5.257,3.725,4.965,1.788,,4.766,2.014,,3.269,1.566,3.743,2.654,1.448,5.15,0.778,,0.691,1.906,13.194
2022-01,3.891,3.451,4.019,6.845,9.825,6.771,7.222,6.806,1.555,2.119,1.622,4.374,4.392,6.83,4.223,0.424,4.554,6.519,4.765,4.998,0.832,6.158,1.116,7.378,10.826,3.948,0.63,1.509,5.315,3.726,5.135,1.929,,4.993,2.078,,3.178,1.58,3.787,2.621,1.427,5.258,0.792,3.106,0.706,1.892,13.397
2022-02,4.06,3.479,4.031,6.898,9.753,6.949,7.097,6.977,1.578,2.029,1.632,4.449,4.367,6.83,4.15,0.428,4.63,6.465,4.627,5.119,0.83,6.318,1.148,7.489,10.584,3.98,0.628,1.546,5.447,3.815,5.247,2.005,,5.048,,,3.182,1.618,3.875,2.754,1.445,5.363,0.802,3.045,0.718,1.826,13.488
2022-03,4.055,3.519,4.126,6.971,9.786,6.987,7.203,7.16,1.607,2.121,1.724,4.446,4.679,6.989,4.147,0.448,4.757,6.476,4.87,5.151,0.871,6.295,1.182,7.324,10.658,3.983,0.642,1.625,5.486,3.87,5.41,2.046,,5.059,2.095,,3.154,1.626,3.917,2.696,1.48,5.487,0.825,2.711,0.739,1.827,13.498
2022-04,3.924,3.578,4.178,6.927,9.701,6.876,7.422,7.13,1.612,2.145,1.794,4.575,4.587,7.012,4.174,0.455,4.916,6.479,4.945,4.985,0.9,6.249,1.217,7.266,10.656,4.152,0.637,1.628,5.656,4.096,5.529,2.52,,5.129,2.225,,3.187,1.619,4.012,2.77,1.505,5.601,0.849,2.777,0.74,1.794,13.589
2022-05,3.938,3.609,4.13,6.934,9.69,6.605,7.364,7.023,1.606,2.22,1.824,4.512,4.463,7.031,4.505,0.456,4.794,6.546,4.894,5.172,0.909,6.305,1.291,7.438,10.447,4.34,0.642,1.64,5.645,4.31,5.835,2.863,,5.352,2.261,,2.993,1.63,4.204,2.856,1.546,5.619,0.875,2.438,0.745,1.819,13.308
2022-06,4.117,3.683,4.068,6.783,9.83,6.658,7.403,6.9,1.691,2.23,1.826,4.418,4.468,6.705,4.567,0.498,4.889,6.492,4.997,5.381,0.924,6.27,1.316,7.318,10.721,4.509,0.64,1.639,5.777,4.568,5.793,2.707,,5.536,2.192,,2.973,1.66,4.153,2.887,1.6,5.766,0.891,2.317,0.765,1.842,13.2
2022-07,4.083,3.645,4.174,6.742,9.709,6.805,7.415,7.015,1.715,2.316,1.88,4.459,4.62,6.911,4.654,0.533,4.893,6.58,5.075,5.285,0.929,6.121,1.349,7.131,10.57,4.54,0.64,1.673,5.855,4.608,6.112,2.936,,5.621,2.138,,2.927,1.669,4.156,2.889,,5.894,0.945,2.208,0.791,1.842,13.337
2022-08,4.213,3.633,4.248,6.827,9.535,6.781,7.372,7.08,1.756,2.298,1.879,4.597,4.559,6.975,4.676,0.549,4.937,6.512,5.12,5.346,0.925,6.162,1.368,7.201,10.312,4.601,0.643,1.677,5.995,4.706,6.235,3.116,,5.638,2.032,,2.841,1.681,4.194,2.751,1.703,5.941,0.994,2.558,0.821,1.89,13.422
2022-09,4.339,3.714,4.187,6.832,9.592,6.773,7.383,6.982,1.749,2.362,1.891,4.487,4.595,6.98,4.796,0.556,4.862,6.624,4.89,5.504,0.939,6.249,1.357,7.184,10.543,4.679,0.643,1.677,6.084,4.746,6.17,2.902,,5.701,2.086,,3.003,1.655,4.181,2.777,1.73,6.058,1.019,2.782,0.837,1.901,13.518
2022-10,4.437,3.642,4.273,6.69,9.712,6.609,7.608,6.857,1.814,2.386,1.863,4.492,4.578,6.73,4.869,0.534,4.836,6.68,4.789,5.65,0.963,6.084,1.349,7.173,10.496,4.578,0.634,1.675,5.96,4.67,6.408,3.419,,5.745,2.09,,3.138,1.691,4.184,2.744,1.73,6.402,0.991,3.108,0.846,1.974,13.624
2022-11,4.278,3.692,4.163,6.667,9.541,6.505,7.243,6.58,1.847,2.419,1.843,4.488,4.572,6.782,4.942,0.524,4.853,6.227,4.728,5.521,0.963,6.049,1.428,7.159,10.268,4.84,0.631,1.664,5.933,4.42,6.356,3.589,,5.724,2.122,,3.487,1.719,4.218,2.672,1.641,6.253,0.945,3.631,0.846,2.107,13.701
2022-12,4.048,3.64,4.314,6.724,9.46,6.587,6.956,6.873,1.873,2.419,1.83,4.555,4.674,6.857,4.974,0.522,4.8,6.386,4.758,5.368,0.971,6.217,1.434,7.061,10.169,4.663,0.628,1.7,5.995,4.348,6.465,4.25,,5.561,2.085,,3.568,1.736,4.211,2.718,1.485,6.283,0.948,3.856,0.844,2.228,13.658
2023-01,4.298,3.608,4.14,6.765,9.582,6.596,6.808,6.773,1.888,2.451,1.855,4.283,4.573,6.862,5.058,0.54,4.791,6.393,4.644,5.484,0.97,6.222,1.475,7.272,10.313,4.724,0.639,1.703,5.946,4.315,6.358,4.823,,5.809,2.194,,3.058,1.739,4.204,2.823,1.514,6.238,0.953,3.467,0.86,2.11,13.36
2023-02,4.37,3.588,4.256,6.817,9.68,6.519,6.595,6.785,1.896,2.5,1.894,4.494,4.611,6.819,5.177,0.55,4.778,6.427,4.777,5.668,0.959,6.237,1.486,7.218,10.286,4.628,0.641,1.697,5.85,4.365,6.351,4.211,,5.722,2.157,,2.865,1.741,4.163,2.982,1.549,6.171,0.978,3.169,0.876,1.99,13.213
2023-03,4.34,3.525,4.165,6.765,9.81,6.477,6.613,6.762,1.936,2.533,1.868,4.321,4.617,6.727,5.234,0.546,4.813,6.354,4.753,5.679,0.982,6.221,1.465,7.179,10.284,4.773,0.632,1.687,5.922,4.324,6.184,3.446,,5.92,2.174,,2.805,1.745,4.098,2.893,1.509,6.526,0.968,2.649,0.88,1.932,13.249
2023-04,4.21,3.582,4.099,6.803,9.957,6.564,6.549,6.939,1.989,2.553,1.873,4.489,4.505,6.76,5.193,0.542,4.79,6.579,4.747,5.564,0.98,6.164,1.461,7.345,10.607,4.759,0.635,1.659,5.94,4.405,6.04,3.27,,5.95,2.19,,2.781,1.746,4.042,3.01,1.53,6.623,0.98,2.894,0.893,1.874,13.302
2023-05,4.396,3.598,4.189,7.064,10.223,6.473,6.339,6.756,1.951,2.502,1.92,4.474,4.51,7.042,5.153,0.544,4.96,6.697,4.953,5.813,0.997,6.393,1.458,7.511,10.753,4.765,0.628,1.695,5.841,4.236,6.094,2.666,,5.807,2.241,1.7,2.833,1.754,4.042,3.175,1.512,6.454,1.008,2.668,0.899,1.798,13.406
2023-06,4.444,3.458,4.241,7.02,10.359,6.507,6.224,6.914,1.937,2.564,1.953,4.521,4.562,7.011,5.111,0.551,5.028,6.681,5.106,5.898,1.003,6.367,1.466,7.43,11.164,4.698,0.625,1.707,5.681,4.193,6.091,2.219,1.588,5.812,2.226,1.605,2.729,1.738,3.985,3.27,1.535,6.283,1.026,2.499,0.918,1.911,13.345
2023-07,4.531,3.556,4.238,7.203,10.633,6.769,6.236,7.21,1.98,2.58,1.891,4.473,4.448,7.299,5.091,0.564,5.102,6.851,5.253,5.889,1.006,6.625,1.42,7.664,11.507,4.782,0.631,1.721,5.911,4.141,6.141,2.094,1.587,5.845,2.161,1.666,2.67,1.731,3.971,3.336,1.591,6.476,1.051,2.421,0.932,1.896,13.423
2023-08,4.569,3.63,4.359,7.285,10.75,6.818,6.502,7.157,1.97,2.535,1.958,4.556,4.63,7.298,5.056,0.566,5.076,6.947,5.259,5.895,0.997,6.656,1.404,7.646,11.432,4.73,0.631,1.702,5.897,4.179,6.091,2.043,1.57,5.904,2.076,1.596,2.552,1.734,3.927,3.415,1.623,6.463,1.094,2.609,0.95,1.877,13.629
2023-09,4.563,3.627,4.327,7.251,10.771,6.831,7.083,7.23,1.972,2.537,1.901,4.558,4.552,7.177,5.113,0.565,5.109,6.884,5.185,5.882,0.981,6.613,1.41,7.774,11.626,4.767,0.625,1.715,5.846,4.229,6.085,2.065,1.677,5.959,2.071,1.66,2.679,1.742,3.965,3.427,1.637,6.562,1.047,2.628,0.971,1.844,13.678
2023-10,4.662,3.743,4.452,7.321,10.834,6.787,7.223,7.311,2.002,2.67,1.926,4.767,4.426,7.305,5.129,0.562,5.226,6.991,5.349,5.766,0.96,6.795,1.4,7.987,11.697,4.738,0.626,1.625,5.846,4.222,6.178,2.072,1.834,6.041,2.026,1.522,2.719,1.754,3.927,3.669,1.693,6.682,1.006,2.617,0.963,1.865,13.509
2023-11,4.522,3.711,4.343,7.482,10.482,6.999,6.899,7.16,1.976,2.624,1.976,4.629,4.278,7.612,5.044,0.541,5.353,6.731,5.201,5.528,0.992,6.846,1.369,7.862,11.533,4.748,0.627,1.574,5.65,4.06,6.169,2.138,1.832,6.014,2.061,1.675,2.826,1.745,3.997,3.638,1.664,6.459,0.983,2.965,0.958,1.942,13.327
2023-12,4.4,3.64,4.256,7.348,10.646,6.905,6.774,7.025,2.024,2.647,1.955,4.557,4.327,7.378,5.117,0.538,5.21,6.674,5.118,5.497,0.99,6.885,1.377,7.994,11.691,4.956,0.625,1.592,5.545,4.082,6.092,2.507,1.78,6.015,2.066,1.53,2.683,1.749,4.008,3.717,1.601,6.408,0.961,3.574,0.956,1.995,13.319
2024-01,4.412,3.606,4.236,7.268,10.686,6.918,6.614,7.001,2.033,2.631,1.987,4.524,4.534,7.255,5.019,0.554,5.03,6.778,5.093,5.532,1.0,6.737,1.425,8.106,11.637,4.904,0.617,1.589,5.724,4.086,6.124,2.522,1.712,5.903,2.087,1.439,2.592,1.762,3.958,4.111,1.55,6.389,0.978,3.658,0.975,2.146,13.345
2024-02,4.517,3.564,4.157,7.351,10.53,6.969,6.56,6.839,2.006,2.604,1.951,4.377,4.4,7.513,5.248,0.558,5.132,6.651,5.213,5.666,1.001,6.71,1.432,7.883,11.716,4.769,0.625,1.625,5.726,4.105,6.094,2.996,1.691,5.885,2.036,1.443,2.568,1.772,3.94,4.214,1.532,6.41,0.971,3.049,0.984,2.132,13.391
2024-03,4.475,3.679,4.256,7.395,10.594,7.041,6.609,6.991,1.997,2.585,1.991,4.527,4.333,7.362,5.145,0.565,5.132,6.734,5.421,5.572,1.014,6.974,1.42,8.031,11.537,4.854,0.629,1.648,5.689,4.106,5.964,2.992,1.7,5.733,2.034,1.68,2.729,1.767,3.893,4.259,1.516,6.572,0.972,2.648,0.984,2.044,13.308
2024-04,4.487,3.712,4.235,7.47,10.745,7.244,6.637,7.197,1.998,2.625,1.953,4.511,4.332,7.516,5.121,0.574,5.236,6.809,5.277,5.594,1.025,6.858,1.422,8.11,11.662,4.776,0.626,1.647,5.51,4.061,6.063,2.864,1.696,6.196,1.982,1.754,2.845,1.776,3.868,4.278,1.475,6.504,0.971,2.52,1.006,1.962,13.662
2024-05,4.575,3.764,4.391,7.47,10.734,7.026,6.818,7.229,1.971,2.749,2.013,4.634,4.545,7.531,5.124,0.57,5.148,6.847,5.331,5.668,1.002,6.987,1.377,8.247,11.558,4.819,0.622,1.703,5.551,4.118,5.991,2.699,1.648,6.0,1.923,1.692,2.832,1.775,3.864,4.194,1.545,6.629,0.964,2.259,1.001,1.859,13.861
2024-06,4.562,3.645,4.397,7.472,10.635,7.281,6.827,7.239,1.973,2.775,2.007,4.589,4.616,7.649,5.017,0.575,5.472,6.893,5.364,5.567,1.018,6.879,1.435,7.927,11.465,4.943,0.625,1.681,5.537,4.046,6.253,2.715,1.665,6.137,1.977,1.741,2.885,1.772,3.956,4.258,1.582,6.566,0.993,2.059,1.004,1.843,13.876
2024-07,4.71,3.621,4.409,7.638,10.856,7.216,6.883,7.145,1.975,2.693,1.988,4.652,4.568,7.781,5.102,0.574,5.497,7.169,5.47,5.727,1.039,7.121,1.432,8.059,11.726,4.874,0.613,1.713,5.599,3.946,6.307,3.08,1.649,6.03,1.989,1.643,2.874,1.778,3.983,4.248,1.627,6.323,1.017,2.166,1.004,1.945,13.918
2024-08,4.691,3.693,4.403,7.63,10.875,7.355,6.785,7.298,1.951,2.674,1.988,4.622,4.64,7.692,5.046,0.574,5.577,6.918,5.638,5.633,1.085,7.161,1.421,8.226,11.54,4.841,0.612,1.711,5.763,3.952,6.311,3.204,1.586,6.357,1.959,1.517,2.964,1.792,4.044,4.273,1.728,6.246,1.006,2.344,1.004,1.996,13.958
2024-09,4.595,3.719,4.328,7.582,10.882,7.359,6.955,7.217,1.976,2.748,1.979,4.615,4.62,7.596,5.173,0.573,5.67,7.223,5.576,5.63,1.078,7.244,1.431,8.148,11.787,4.951,0.617,1.705,5.731,3.974,6.47,3.821,1.673,6.338,1.999,1.435,2.888,1.795,4.021,4.227,1.733,6.466,1.009,2.648,1.007,1.936,13.957
2024-10,4.66,3.703,4.273,7.368,10.565,7.109,6.869,7.177,1.937,2.833,1.987,4.585,4.487,7.301,4.852,0.566,5.588,7.22,5.586,5.67,1.056,7.008,1.445,8.154,11.497,5.059,0.619,1.678,5.844,4.037,6.644,3.37,,6.295,2.056,1.414,2.933,1.745,4.041,4.247,1.805,6.517,0.998,2.629,1.003,1.98,13.768
2024-11,4.56,3.765,4.43,7.598,10.673,7.088,6.843,7.432,1.916,2.724,2.076,4.874,4.647,7.578,4.918,0.552,5.628,6.977,5.605,5.63,1.061,7.141,1.367,8.159,12.014,4.941,0.622,1.651,5.676,4.011,6.868,3.649,1.713,6.447,2.116,1.641,3.027,1.811,4.138,4.306,1.729,6.511,0.956,3.169,1.0,2.03,13.78
2024-12,4.406,3.656,4.308,7.719,10.626,6.945,6.915,7.393,1.912,2.796,2.061,4.658,4.58,7.769,4.773,0.548,5.605,7.124,5.576,5.458,1.032,7.486,1.38,8.136,11.666,4.983,0.615,1.655,5.621,4.104,6.776,4.146,1.733,6.27,2.121,1.705,2.967,1.812,4.101,4.289,1.564,6.324,0.949,3.505,0.992,2.067,13.985
